{
  "model": {
    "geometryList": {
      "numberOfGeometricObjects": 1,
      "geometries": [{
        "colorInformation": [
          [120, 120, 120, 255],
          [120, 120, 120, 255],
          [120, 120, 120, 255],
          [120, 120, 120, 255],
          [120, 120, 120, 255],
          [120, 120, 120, 255],
          [120, 120, 120, 255],
          [120, 120, 120, 255],
          [120, 120, 120, 255],
          [120, 120, 120, 255],
          [120, 120, 120, 255],
          [120, 120, 120, 255],
          [120, 120, 120, 255],
          [120, 120, 120, 255],
          [120, 120, 120, 255],
          [120, 120, 120, 255],
          [120, 120, 120, 255],
          [120, 120, 120, 255],
          [120, 120, 120, 255],
          [120, 120, 120, 255],
          [120, 120, 120, 255],
          [120, 120, 120, 255],
          [120, 120, 120, 255],
          [120, 120, 120, 255],
          [120, 120, 120, 255],
          [120, 120, 120, 255],
          [120, 120, 120, 255],
          [120, 120, 120, 255],
          [120, 120, 120, 255],
          [120, 120, 120, 255],
          [120, 120, 120, 255],
          [120, 120, 120, 255],
          [120, 120, 120, 255],
          [120, 120, 120, 255],
          [120, 120, 120, 255],
          [120, 120, 120, 255],
          [120, 120, 120, 255],
          [120, 120, 120, 255],
          [120, 120, 120, 255],
          [120, 120, 120, 255],
          [120, 120, 120, 255],
          [120, 120, 120, 255],
          [120, 120, 120, 255],
          [120, 120, 120, 255],
          [120, 120, 120, 255],
          [120, 120, 120, 255],
          [120, 120, 120, 255],
          [120, 120, 120, 255],
          [120, 120, 120, 255],
          [120, 120, 120, 255],
          [120, 120, 120, 255],
          [120, 120, 120, 255],
          [120, 120, 120, 255],
          [120, 120, 120, 255],
          [120, 120, 120, 255],
          [120, 120, 120, 255],
          [120, 120, 120, 255],
          [120, 120, 120, 255],
          [120, 120, 120, 255],
          [120, 120, 120, 255],
          [120, 120, 120, 255],
          [120, 120, 120, 255]
        ],
        "textureCoordinatesCount": 1,
        "textureMappingInformation": [
          [0.6251869201660156, 0.5631351470947266],
          [0.6965905427932739, 0.5985618829727173],
          [0.6915677785873413, 0.519010066986084],
          [0.6201637983322144, 0.4835849404335022],
          [0.6302093863487244, 0.6426849365234375],
          [0.49208009243011475, -1.9561920166015625],
          [0.46716755628585815, -1.9727782011032104],
          [0.4652583599090576, -1.942908525466919],
          [0.4939880967140198, -1.986061930656433],
          [0.31161609292030334, -0.03872724622488022],
          [0.6880975961685181, -0.30242472887039185],
          [0.3119025230407715, -0.30242472887039185],
          [0.49017205834388733, -1.9263218641281128],
          [0.5189017057418823, -1.9694744348526],
          [0.5662567615509033, -0.6664651036262512],
          [0.688383936882019, -0.03872724622488022],
          [0.6349220275878906, -0.4823169410228729],
          [0.36507803201675415, -0.4823169410228729],
          [0.6337481737136841, -0.6664651036262512],
          [0.5169930458068848, -1.93960440158844],
          [0.6182067394256592, -0.9820916056632996],
          [0.4362027645111084, -0.9820916056632996],
          [0.3817932605743408, -0.9820916056632996],
          [0.3662518262863159, -0.6664651036262512],
          [0.5944983959197998, -0.5731765031814575],
          [0.5537826418876648, 0.5277110934257507],
          [0.7032767534255981, -0.5735390186309814],
          [0.43374326825141907, -0.6664651036262512],
          [0.057950858026742935, -0.03872724622488022],
          [0.5944983959197998, -0.5722756385803223],
          [0.05319710075855255, -0.30370402336120605],
          [0.29672324657440186, -0.5735390186309814],
          [0.5588052272796631, 0.6072616577148438],
          [0.6349220275878906, -0.4823169410228729],
          [0.7993669509887695, -0.4833656847476959],
          [0.4055016338825226, -0.5731765031814575],
          [0.9468028545379639, -0.3024252653121948],
          [0.5637972950935364, -0.9820916056632996],
          [0.4055016338825226, -0.5722756385803223],
          [0.7993669509887695, -0.4833656847476959],
          [0.20063307881355286, -0.4833656847476959],
          [0.5662567615509033, -0.6664651036262512],
          [0.43374326825141907, -0.6664651036262512],
          [0.20063307881355286, -0.4833656847476959],
          [0.7032767534255981, -0.5735390186309814],
          [0.688383936882019, -0.03872724622488022],
          [0.5637972950935364, -0.9820916056632996],
          [0.29672324657440186, -0.5735390186309814],
          [0.4362027645111084, -0.9820916056632996],
          [0.6337481737136841, -0.6664651036262512],
          [0.9420491456985474, -0.03872724622488022],
          [0.9420491456985474, -0.03872724622488022],
          [0.3662518262863159, -0.6664651036262512],
          [0.6182067394256592, -0.9820916056632996],
          [0.3817932605743408, -0.9820916056632996],
          [0.9468028545379639, -0.3024252653121948],
          [0.6880975961685181, -0.30242472887039185],
          [0.05319710075855255, -0.3011465072631836],
          [0.36507803201675415, -0.4823169410228729],
          [0.057950858026742935, -0.03872724622488022],
          [0.3119025230407715, -0.30242472887039185],
          [0.31161609292030334, -0.03872724622488022]
        ],
        "faceInformation": [
          [10, 9, 0, 11],
          [15, 9, 0, 10],
          [10, 11, 0, 16],
          [16, 11, 0, 17],
          [9, 28, 0, 11],
          [16, 17, 0, 29],
          [1, 0, 0, 2],
          [11, 30, 0, 17],
          [35, 29, 0, 17],
          [36, 15, 0, 10],
          [39, 10, 0, 16],
          [17, 40, 0, 35],
          [29, 35, 0, 41],
          [42, 41, 0, 35],
          [11, 28, 0, 30],
          [29, 44, 0, 16],
          [2, 0, 0, 3],
          [41, 42, 0, 46],
          [35, 47, 0, 42],
          [48, 46, 0, 42],
          [17, 30, 0, 40],
          [4, 0, 0, 1],
          [41, 49, 0, 29],
          [36, 10, 0, 39],
          [50, 15, 0, 36],
          [42, 52, 0, 48],
          [47, 35, 0, 40],
          [6, 5, 0, 7],
          [46, 53, 0, 41],
          [39, 16, 0, 44],
          [52, 42, 0, 47],
          [44, 29, 0, 49],
          [54, 48, 0, 52],
          [8, 5, 0, 6],
          [49, 41, 0, 53],
          [7, 5, 0, 12],
          [13, 5, 0, 8],
          [18, 14, 0, 20],
          [12, 5, 0, 19],
          [22, 21, 0, 23],
          [26, 24, 0, 18],
          [23, 27, 0, 31],
          [34, 33, 0, 26],
          [37, 20, 0, 14],
          [19, 5, 0, 13],
          [31, 38, 0, 43],
          [51, 45, 0, 55],
          [27, 23, 0, 21],
          [55, 56, 0, 34],
          [3, 0, 0, 25],
          [14, 18, 0, 24],
          [58, 57, 0, 43],
          [38, 31, 0, 27],
          [21, 37, 0, 27],
          [14, 27, 0, 37],
          [32, 0, 0, 4],
          [24, 26, 0, 33],
          [60, 59, 0, 57],
          [27, 14, 0, 38],
          [58, 43, 0, 38],
          [24, 38, 0, 14],
          [34, 56, 0, 33],
          [55, 45, 0, 56],
          [38, 24, 0, 58],
          [60, 57, 0, 58],
          [25, 0, 0, 32],
          [33, 58, 0, 24],
          [61, 59, 0, 60],
          [33, 60, 0, 58],
          [56, 60, 0, 33],
          [45, 61, 0, 56],
          [56, 61, 0, 60]
        ],
        "boundingSphere": [-1.4901161193847656e-8, 1.862645149230957e-9, 0.2648058533668518, 0.27305498719215393],
        "hasPosition": 1,
        "hasNormals": 0,