{
  "model": {
    "geometryList": {
      "numberOfGeometricObjects": 1,
      "geometries": [
        {
          "colorInformation": [
            [ 120, 120, 120, 255 ],
            [ 120, 120, 120, 255 ],
            [ 120, 120, 120, 255 ],
            [ 120, 120, 120, 255 ],
            [ 120, 120, 120, 255 ],
            [ 120, 120, 120, 255 ],
            [ 120, 120, 120, 255 ],
            [ 120, 120, 120, 255 ],
            [ 120, 120, 120, 255 ],
            [ 120, 120, 120, 255 ],
            [ 120, 120, 120, 255 ],
            [ 120, 120, 120, 255 ],
            [ 120, 120, 120, 255 ],
            [ 120, 120, 120, 255 ],
            [ 120, 120, 120, 255 ],
            [ 120, 120, 120, 255 ],
            [ 120, 120, 120, 255 ],
            [ 120, 120, 120, 255 ],
            [ 120, 120, 120, 255 ],
            [ 120, 120, 120, 255 ],
            [ 120, 120, 120, 255 ],
            [ 120, 120, 120, 255 ],
            [ 120, 120, 120, 255 ],
            [ 120, 120, 120, 255 ],
            [ 120, 120, 120, 255 ],
            [ 120, 120, 120, 255 ],
            [ 120, 120, 120, 255 ],
            [ 120, 120, 120, 255 ],
            [ 120, 120, 120, 255 ],
            [ 120, 120, 120, 255 ],
            [ 120, 120, 120, 255 ],
            [ 120, 120, 120, 255 ],
            [ 120, 120, 120, 255 ],
            [ 120, 120, 120, 255 ],
            [ 120, 120, 120, 255 ],
            [ 120, 120, 120, 255 ],
            [ 120, 120, 120, 255 ],
            [ 120, 120, 120, 255 ],
            [ 120, 120, 120, 255 ],
            [ 120, 120, 120, 255 ],
            [ 120, 120, 120, 255 ],
            [ 120, 120, 120, 255 ],
            [ 120, 120, 120, 255 ],
            [ 120, 120, 120, 255 ],
            [ 120, 120, 120, 255 ],
            [ 120, 120, 120, 255 ],
            [ 120, 120, 120, 255 ],
            [ 120, 120, 120, 255 ],
            [ 120, 120, 120, 255 ],
            [ 120, 120, 120, 255 ]
          ],
          "textureCoordinatesCount": 1,
          "textureMappingInformation": [
            [ 0.5824153423309326, -0.07688137888908386 ],
            [ 0.6484465003013611, -0.03925716131925583 ],
            [ 0.794772744178772, -0.03925716131925583 ],
            [ 0.35579389333724976, -0.03925716131925583 ],
            [ 0.2094675600528717, -0.03925716131925583 ],
            [ 0.355793833732605, -0.03925716131925583 ],
            [ 0.6484464406967163, -0.03925716131925583 ],
            [ 0.6484465599060059, -0.4288228750228882 ],
            [ 0.7947728037834167, -0.4288228750228882 ],
            [ 0.35579389333724976, -0.4288228750228882 ],
            [ 0.2094675898551941, -0.4288228750228882 ],
            [ 0.35579389333724976, -0.4288228750228882 ],
            [ 0.6484465003013611, -0.4288228750228882 ],
            [ 0.6221599578857422, -0.6388164162635803 ],
            [ 0.7421996593475342, -0.6388164162635803 ],
            [ 0.382080614566803, -0.6388164162635803 ],
            [ 0.26204097270965576, -0.6388164758682251 ],
            [ 0.382080614566803, -0.6388164758682251 ],
            [ 0.6221599578857422, -0.6388164162635803 ],
            [ 0.5471819043159485, -0.9236235618591309 ],
            [ 0.6159918308258057, -0.9526923298835754 ],
            [ 0.5590560436248779, -0.9526923298835754 ],
            [ 0.44518446922302246, -0.9526923298835754 ],
            [ 0.3882486820220947, -0.9526923894882202 ],
            [ 0.4451844394207001, -0.9526923298835754 ],
            [ 0.5590560436248779, -0.9526923298835754 ],
            [ 0.5951003432273865, -0.6974508762359619 ],
            [ 0.688080370426178, -0.6974508762359619 ],
            [ 0.4091402292251587, -0.6974508762359619 ],
            [ 0.3161601424217224, -0.6974509358406067 ],
            [ 0.4091401994228363, -0.6974509358406067 ],
            [ 0.5951003432273865, -0.6974508762359619 ],
            [ 0.5690931081771851, -0.7524985671043396 ],
            [ 0.6360654830932617, -0.7524985671043396 ],
            [ 0.4351482689380646, -0.7524986267089844 ],
            [ 0.36817583441734314, -0.7524986267089844 ],
            [ 0.4351482391357422, -0.7524986267089844 ],
            [ 0.5690931081771851, -0.7524985671043396 ],
            [ 0.5013466477394104, -0.9009325504302979 ],
            [ 0.5439128279685974, -0.872585654258728 ],
            [ 0.5046163201332092, -0.9519709348678589 ],
            [ 0.5897473692893982, -0.8952735662460327 ],
            [ 0.5504502654075623, -0.9746609926223755 ],
            [ 0.5930160880088806, -0.9463120698928833 ],
            [ 0.7365149855613708, -0.07931344956159592 ],
            [ 0.6510423421859741, -0.11146101355552673 ],
            [ 0.49693936109542847, -0.10902869701385498 ],
            [ 0.6678937077522278, -0.04473361372947693 ],
            [ 0.4283149838447571, -0.0744488388299942 ],
            [ 0.5137935280799866, -0.04230135306715965 ]
          ],
          "faceInformation": [
            [ 12, 5, 0, 11 ],
            [ 18, 11, 0, 17 ],
            [ 6, 5, 0, 12 ],
            [ 5, 4, 0, 11 ],
            [ 12, 11, 0, 18 ],
            [ 11, 10, 0, 17 ],
            [ 30, 31, 0, 17 ],
            [ 18, 17, 0, 31 ],
            [ 17, 16, 0, 30 ],
            [ 11, 4, 0, 10 ],
            [ 44, 0, 0, 45 ],
            [ 36, 37, 0, 30 ],
            [ 17, 10, 0, 16 ],
            [ 31, 30, 0, 37 ],
            [ 30, 29, 0, 36 ],
            [ 45, 0, 0, 46 ],
            [ 24, 25, 0, 36 ],
            [ 29, 30, 0, 16 ],
            [ 37, 36, 0, 25 ],
            [ 36, 35, 0, 24 ],
            [ 8, 6, 0, 12 ],
            [ 14, 12, 0, 18 ],
            [ 35, 36, 0, 29 ],
            [ 31, 27, 0, 18 ],
            [ 23, 24, 0, 35 ],
            [ 38, 19, 0, 39 ],
            [ 37, 33, 0, 31 ],
            [ 40, 19, 0, 38 ],
            [ 25, 20, 0, 37 ],
            [ 47, 0, 0, 44 ],
            [ 39, 19, 0, 41 ],
            [ 27, 31, 0, 33 ],
            [ 14, 18, 0, 27 ],
            [ 33, 37, 0, 20 ],
            [ 8, 12, 0, 14 ],
            [ 35, 34, 0, 23 ],
            [ 29, 28, 0, 35 ],
            [ 2, 6, 0, 8 ],
            [ 16, 15, 0, 29 ],
            [ 42, 19, 0, 40 ],
            [ 4, 3, 0, 10 ],
            [ 10, 9, 0, 16 ],
            [ 22, 23, 0, 34 ],
            [ 46, 0, 0, 48 ],
            [ 41, 19, 0, 43 ],
            [ 34, 35, 0, 28 ],
            [ 43, 19, 0, 42 ],
            [ 20, 21, 0, 33 ],
            [ 28, 29, 0, 15 ],
            [ 33, 32, 0, 27 ],
            [ 32, 33, 0, 21 ],
            [ 16, 9, 0, 15 ],
            [ 34, 32, 0, 22 ],
            [ 21, 22, 0, 32 ],
            [ 10, 3, 0, 9 ],
            [ 27, 26, 0, 14 ],
            [ 26, 27, 0, 32 ],
            [ 28, 26, 0, 34 ],
            [ 32, 34, 0, 26 ],
            [ 13, 8, 0, 14 ],
            [ 49, 0, 0, 47 ],
            [ 7, 2, 0, 8 ],
            [ 13, 14, 0, 26 ],
            [ 48, 0, 0, 49 ],
            [ 15, 13, 0, 28 ],
            [ 26, 28, 0, 13 ],
            [ 7, 8, 0, 13 ],
            [ 9, 7, 0, 15 ],
            [ 15, 7, 0, 13 ],
            [ 1, 2, 0, 7 ],
            [ 3, 1, 0, 9 ],
            [ 9, 1, 0, 7 ]
          ],
          "boundingSphere": [ -7.450580596923828e-9, 0, 0.2515200674533844, 0.2613571584224701 ],
          "hasPosition": 1,
          "hasNormals": 0,