{
  "model": {
    "geometryList": {
      "numberOfGeometricObjects": 1,
      "geometries": [
        {
          "colorInformation": [
            [ 0, 0, 0, 255 ],
            [ 0, 0, 0, 255 ],
            [ 158, 155, 164, 255 ],
            [ 0, 0, 0, 255 ],
            [ 128, 126, 132, 255 ],
            [ 0, 0, 0, 255 ],
            [ 128, 126, 132, 255 ],
            [ 0, 0, 0, 255 ],
            [ 105, 102, 101, 255 ],
            [ 0, 0, 0, 255 ],
            [ 113, 107, 97, 255 ],
            [ 0, 0, 0, 255 ],
            [ 140, 134, 132, 255 ],
            [ 0, 0, 0, 255 ],
            [ 161, 158, 164, 255 ],
            [ 163, 160, 168, 255 ],
            [ 144, 141, 148, 255 ],
            [ 144, 141, 148, 255 ],
            [ 115, 113, 115, 255 ],
            [ 114, 109, 104, 255 ],
            [ 134, 129, 124, 255 ],
            [ 158, 154, 158, 255 ],
            [ 165, 162, 170, 255 ],
            [ 151, 147, 154, 255 ],
            [ 151, 147, 154, 255 ],
            [ 125, 122, 127, 255 ],
            [ 119, 115, 115, 255 ],
            [ 134, 130, 129, 255 ],
            [ 156, 154, 159, 255 ],
            [ 159, 159, 169, 255 ],
            [ 164, 162, 171, 255 ],
            [ 157, 154, 162, 255 ],
            [ 158, 158, 168, 255 ],
            [ 157, 154, 162, 255 ],
            [ 158, 158, 168, 255 ],
            [ 133, 130, 135, 255 ],
            [ 160, 160, 170, 255 ],
            [ 120, 117, 119, 255 ],
            [ 163, 163, 173, 255 ],
            [ 128, 124, 125, 255 ],
            [ 163, 163, 173, 255 ],
            [ 149, 147, 152, 255 ],
            [ 161, 161, 171, 255 ],
            [ 161, 161, 171, 255 ],
            [ 0, 0, 0, 255 ],
            [ 0, 0, 0, 255 ],
            [ 0, 0, 0, 255 ],
            [ 0, 0, 0, 255 ],
            [ 0, 0, 0, 255 ],
            [ 0, 0, 0, 255 ],
            [ 0, 0, 0, 255 ],
            [ 0, 0, 0, 255 ]
          ],
          "textureCoordinatesCount": 1,
          "textureMappingInformation": [
            [ 0.7917723655700684, 1 ],
            [ 0.9147433042526245, 1 ],
            [ 0.9147433042526245, 1 ],
            [ 0.504840075969696, 1 ],
            [ 0.504840075969696, 1 ],
            [ 0.996724009513855, 1 ],
            [ 0.996724009513855, 1 ],
            [ 0.5868207216262817, 1 ],
            [ 0.5868207216262817, 1 ],
            [ 0.6688013672828674, 1 ],
            [ 0.6688013672828674, 1 ],
            [ 0.7507820129394531, 1 ],
            [ 0.7507820129394531, 1 ],
            [ 0.8327627182006836, 1 ],
            [ 0.8327627182006836, 1 ],
            [ 0.9147433042526245, 0.5022821426391602 ],
            [ 0.504840075969696, 0.5022821426391602 ],
            [ 0.996724009513855, 0.5022821426391602 ],
            [ 0.5868207216262817, 0.5022821426391602 ],
            [ 0.6688013672828674, 0.5022821426391602 ],
            [ 0.7507820129394531, 0.5022821426391602 ],
            [ 0.8327627182006836, 0.5022821426391602 ],
            [ 0.9147433042526245, 0.3333333134651184 ],
            [ 0.504840075969696, 0.3333333134651184 ],
            [ 0.996724009513855, 0.3333333134651184 ],
            [ 0.5868207216262817, 0.3333333134651184 ],
            [ 0.6688013672828674, 0.3333333134651184 ],
            [ 0.7507820129394531, 0.3333333134651184 ],
            [ 0.8327627182006836, 0.3333333134651184 ],
            [ 0.9147433042526245, 0 ],
            [ 0.9147433042526245, 0 ],
            [ 0.504840075969696, 0 ],
            [ 0.504840075969696, 0 ],
            [ 0.996724009513855, 0 ],
            [ 0.996724009513855, 0 ],
            [ 0.5868207216262817, 0 ],
            [ 0.5868207216262817, 0 ],
            [ 0.6688013672828674, 0 ],
            [ 0.6688013672828674, 0 ],
            [ 0.7507820129394531, 0 ],
            [ 0.7507820129394531, 0 ],
            [ 0.8327627182006836, 0 ],
            [ 0.8327627182006836, 0 ],
            [ 0.7917723655700684, 0 ],
            [ 0.7917723655700684, 1 ],
            [ 0.504840075969696, 1 ],
            [ 0.996724009513855, 1 ],
            [ 0.9147433042526245, 1 ],
            [ 0.5868207216262817, 1 ],
            [ 0.6688013672828674, 1 ],
            [ 0.7507820129394531, 1 ],
            [ 0.8327627182006836, 1 ]
          ],
          "faceInformation": [
            [ 21, 12, 0, 20 ],
            [ 12, 10, 0, 20 ],
            [ 14, 12, 0, 21 ],
            [ 20, 19, 0, 27 ],
            [ 21, 20, 0, 28 ],
            [ 28, 20, 0, 27 ],
            [ 20, 10, 0, 19 ],
            [ 13, 0, 0, 11 ],
            [ 51, 44, 0, 50 ],
            [ 11, 0, 0, 9 ],
            [ 50, 44, 0, 49 ],
            [ 41, 27, 0, 39 ],
            [ 27, 26, 0, 39 ],
            [ 27, 19, 0, 26 ],
            [ 28, 27, 0, 41 ],
            [ 39, 26, 0, 37 ],
            [ 15, 14, 0, 21 ],
            [ 40, 43, 0, 42 ],
            [ 22, 21, 0, 28 ],
            [ 38, 43, 0, 40 ],
            [ 30, 28, 0, 41 ],
            [ 10, 8, 0, 19 ],
            [ 47, 44, 0, 51 ],
            [ 1, 0, 0, 13 ],
            [ 26, 25, 0, 37 ],
            [ 19, 18, 0, 26 ],
            [ 42, 43, 0, 29 ],
            [ 36, 43, 0, 38 ],
            [ 15, 21, 0, 22 ],
            [ 22, 28, 0, 30 ],
            [ 49, 44, 0, 48 ],
            [ 9, 0, 0, 7 ],
            [ 2, 14, 0, 15 ],
            [ 37, 25, 0, 35 ],
            [ 29, 43, 0, 34 ],
            [ 26, 18, 0, 25 ],
            [ 32, 43, 0, 36 ],
            [ 19, 8, 0, 18 ],
            [ 33, 22, 0, 30 ],
            [ 25, 23, 0, 35 ],
            [ 24, 15, 0, 22 ],
            [ 24, 22, 0, 33 ],
            [ 35, 23, 0, 31 ],
            [ 46, 44, 0, 47 ],
            [ 5, 0, 0, 1 ],
            [ 48, 44, 0, 45 ],
            [ 7, 0, 0, 3 ],
            [ 17, 2, 0, 15 ],
            [ 25, 16, 0, 23 ],
            [ 18, 16, 0, 25 ],
            [ 17, 15, 0, 24 ],
            [ 8, 4, 0, 18 ],
            [ 6, 2, 0, 17 ],
            [ 18, 4, 0, 16 ]
          ],
          "boundingSphere": [ 0.0113449078053236, 0.0075559597462415695, 0.1862296462059021, 0.18780966103076935 ],
          "hasPosition": 1,
          "hasNormals": 0,