{
  "model": {
    "geometryList": {
      "numberOfGeometricObjects": 1,
      "geometries": [
        {
          "colorInformation": [
            [ 1, 1, 1, 255 ],
            [ 149, 148, 156, 255 ],
            [ 1, 1, 1, 255 ],
            [ 128, 126, 131, 255 ],
            [ 128, 126, 131, 255 ],
            [ 1, 1, 1, 255 ],
            [ 135, 134, 141, 255 ],
            [ 1, 1, 1, 255 ],
            [ 154, 154, 163, 255 ],
            [ 154, 153, 162, 255 ],
            [ 136, 134, 140, 255 ],
            [ 136, 134, 140, 255 ],
            [ 134, 132, 139, 255 ],
            [ 152, 152, 161, 255 ],
            [ 157, 156, 165, 255 ],
            [ 140, 138, 144, 255 ],
            [ 140, 138, 144, 255 ],
            [ 135, 133, 140, 255 ],
            [ 154, 153, 162, 255 ],
            [ 159, 158, 167, 255 ],
            [ 148, 147, 154, 255 ],
            [ 148, 147, 154, 255 ],
            [ 136, 134, 139, 255 ],
            [ 149, 148, 156, 255 ],
            [ 103, 101, 106, 255 ],
            [ 103, 101, 106, 255 ],
            [ 99, 96, 100, 255 ],
            [ 99, 96, 100, 255 ],
            [ 114, 113, 119, 255 ],
            [ 86, 83, 86, 255 ],
            [ 86, 83, 86, 255 ],
            [ 85, 82, 85, 255 ],
            [ 90, 88, 92, 255 ],
            [ 101, 99, 104, 255 ],
            [ 109, 108, 114, 255 ],
            [ 98, 96, 101, 255 ],
            [ 98, 96, 101, 255 ],
            [ 93, 91, 95, 255 ],
            [ 93, 91, 95, 255 ],
            [ 111, 110, 117, 255 ],
            [ 80, 78, 81, 255 ],
            [ 80, 78, 81, 255 ],
            [ 83, 81, 83, 255 ],
            [ 89, 87, 91, 255 ],
            [ 100, 99, 104, 255 ],
            [ 109, 108, 114, 255 ]
          ],
          "textureCoordinatesCount": 1,
          "textureMappingInformation": [
            [ -0.3751659393310547, 0.605378270149231 ],
            [ 0.6248340606689453, 0.605378270149231 ],
            [ -0.1306477189064026, 0.536521315574646 ],
            [ -0.1306477189064026, 0.536521315574646 ],
            [ 0.8693522810935974, 0.536521315574646 ],
            [ 0.12471980601549149, 0.6052201986312866 ],
            [ 0.12471980601549149, 0.6052201986312866 ],
            [ 0.36866071820259094, 0.48944950103759766 ],
            [ 0.36866071820259094, 0.48944950103759766 ],
            [ 0.6248157024383545, 0.4083172082901001 ],
            [ -0.13167500495910645, 0.40822845697402954 ],
            [ 0.8683249950408936, 0.40822845697402954 ],
            [ 0.12476459890604019, 0.40811479091644287 ],
            [ 0.36950424313545227, 0.4082035422325134 ],
            [ 0.6236646175384521, 0.3071492314338684 ],
            [ -0.13096290826797485, 0.3071073889732361 ],
            [ 0.8690370917320251, 0.3071073889732361 ],
            [ 0.11988411843776703, 0.3070538640022278 ],
            [ 0.37464478611946106, 0.3070957064628601 ],
            [ 0.6243604421615601, 0.000571131706237793 ],
            [ -0.13273417949676514, 0.0005397200584411621 ],
            [ 0.8672658205032349, 0.0005397200584411621 ],
            [ 0.11910233646631241, 0.0004994869232177734 ],
            [ 0.37650182843208313, 0.0005309581756591797 ],
            [ -0.3751659393310547, 0.8024393320083618 ],
            [ 0.6248340606689453, 0.8024393320083618 ],
            [ -0.1314907670021057, 0.536521315574646 ],
            [ 0.8685092329978943, 0.536521315574646 ],
            [ 0.6248157024383545, 0.605378270149231 ],
            [ -0.1306477189064026, 0.9324020147323608 ],
            [ 0.8693522810935974, 0.9324020147323608 ],
            [ 0.1247376799583435, 0.6052201986312866 ],
            [ 0.12471979111433029, 0.8022812604904175 ],
            [ 0.36950424313545227, 0.48944950103759766 ],
            [ 0.36866071820259094, 0.9323326349258423 ],
            [ -0.3751659393310547, 0.9995005130767822 ],
            [ 0.6248340606689453, 0.9995005130767822 ],
            [ -0.1314907670021057, 0.9324020743370056 ],
            [ 0.8685092329978943, 0.9324020743370056 ],
            [ 0.6248157024383545, 0.8024393320083618 ],
            [ -0.1306477189064026, 0.9994561076164246 ],
            [ 0.8693522810935974, 0.9994561076164246 ],
            [ 0.1247376799583435, 0.8022813200950623 ],
            [ 0.12471979111433029, 0.9993423819541931 ],
            [ 0.36950424313545227, 0.9323326945304871 ],
            [ 0.36866074800491333, 0.999386727809906 ]
          ],
          "faceInformation": [
            [ 8, 6, 0, 13 ],
            [ 45, 43, 0, 44 ],
            [ 34, 32, 0, 33 ],
            [ 13, 6, 0, 12 ],
            [ 44, 43, 0, 42 ],
            [ 33, 32, 0, 31 ],
            [ 13, 12, 0, 18 ],
            [ 18, 12, 0, 17 ],
            [ 7, 0, 0, 5 ],
            [ 7, 0, 0, 5 ],
            [ 45, 35, 0, 43 ],
            [ 34, 24, 0, 32 ],
            [ 6, 3, 0, 12 ],
            [ 43, 40, 0, 42 ],
            [ 32, 29, 0, 31 ],
            [ 9, 8, 0, 13 ],
            [ 39, 45, 0, 44 ],
            [ 28, 34, 0, 33 ],
            [ 18, 17, 0, 23 ],
            [ 31, 26, 0, 33 ],
            [ 42, 37, 0, 44 ],
            [ 14, 13, 0, 18 ],
            [ 23, 17, 0, 22 ],
            [ 12, 10, 0, 17 ],
            [ 19, 18, 0, 23 ],
            [ 17, 15, 0, 22 ],
            [ 22, 20, 0, 23 ],
            [ 14, 18, 0, 19 ],
            [ 23, 21, 0, 19 ],
            [ 9, 13, 0, 14 ],
            [ 22, 15, 0, 20 ],
            [ 21, 14, 0, 19 ],
            [ 5, 0, 0, 2 ],
            [ 2, 5, 0, 0 ],
            [ 40, 43, 0, 35 ],
            [ 29, 32, 0, 24 ],
            [ 36, 45, 0, 39 ],
            [ 1, 8, 0, 9 ],
            [ 25, 34, 0, 28 ],
            [ 42, 40, 0, 37 ],
            [ 31, 29, 0, 26 ],
            [ 12, 3, 0, 10 ],
            [ 39, 44, 0, 38 ],
            [ 28, 33, 0, 27 ],
            [ 17, 10, 0, 15 ],
            [ 16, 14, 0, 21 ],
            [ 16, 9, 0, 14 ],
            [ 11, 9, 0, 16 ],
            [ 30, 25, 0, 27 ],
            [ 41, 36, 0, 38 ],
            [ 4, 1, 0, 11 ],
            [ 38, 36, 0, 39 ],
            [ 27, 25, 0, 28 ],
            [ 11, 1, 0, 9 ]
          ],
          "boundingSphere": [ 0.011384231969714165, 0.008639466017484665, 0.0071516260504722595, 0.21700488030910492 ],
          "hasPosition": 1,
          "hasNormals": 0,