{
  "model": {
    "geometryList": {
      "numberOfGeometricObjects": 1,
      "geometries": [{
        "colorInformation": [
          [0, 0, 0, 255],
          [119, 119, 119, 255],
          [0, 0, 0, 255],
          [109, 109, 109, 255],
          [0, 0, 0, 255],
          [86, 86, 86, 255],
          [0, 0, 0, 255],
          [73, 72, 71, 255],
          [0, 0, 0, 255],
          [73, 72, 71, 255],
          [0, 0, 0, 255],
          [68, 67, 67, 255],
          [0, 0, 0, 255],
          [70, 69, 69, 255],
          [0, 0, 0, 255],
          [86, 86, 86, 255],
          [0, 0, 0, 255],
          [110, 109, 109, 255],
          [117, 117, 116, 255],
          [97, 96, 96, 255],
          [78, 77, 77, 255],
          [78, 77, 77, 255],
          [70, 69, 69, 255],
          [70, 69, 69, 255],
          [83, 82, 82, 255],
          [106, 106, 106, 255],
          [121, 121, 120, 255],
          [123, 122, 122, 255],
          [104, 103, 103, 255],
          [82, 82, 82, 255],
          [82, 82, 82, 255],
          [70, 69, 69, 255],
          [68, 67, 67, 255],
          [82, 82, 82, 255],
          [107, 107, 107, 255],
          [124, 124, 124, 255],
          [111, 111, 111, 255],
          [127, 127, 127, 255],
          [110, 110, 110, 255],
          [112, 112, 112, 255],
          [88, 87, 87, 255],
          [112, 112, 112, 255],
          [88, 87, 87, 255],
          [112, 112, 112, 255],
          [71, 71, 70, 255],
          [114, 114, 114, 255],
          [64, 63, 63, 255],
          [113, 113, 113, 255],
          [74, 74, 74, 255],
          [112, 112, 112, 255],
          [100, 100, 100, 255],
          [112, 112, 112, 255],
          [112, 112, 112, 255],
          [122, 122, 122, 255]
        ],
        "textureCoordinatesCount": 1,
        "textureMappingInformation": [
          [0.6009070873260498, 0.9994899034500122],
          [0.6009070873260498, 0.9994899034500122],
          [0.7260661721229553, 0.9995004534721375],
          [0.7260661721229553, 0.9995004534721375],
          [0.8511425852775574, 0.9994471669197083],
          [0.8511425852775574, 0.9994471669197083],
          [-0.023787498474121094, 0.9993611574172974],
          [-0.023787498474121094, 0.9993611574172974],
          [0.9762125015258789, 0.9993611574172974],
          [0.9762125015258789, 0.9993611574172974],
          [0.10117145627737045, 0.9992929697036743],
          [0.10117145627737045, 0.9992929697036743],
          [0.22592325508594513, 0.9992823600769043],
          [0.22592325508594513, 0.9992823600769043],
          [0.35067611932754517, 0.9993356466293335],
          [0.35067611932754517, 0.9993356466293335],
          [0.47569525241851807, 0.9994215965270996],
          [0.47569525241851807, 0.9994215965270996],
          [0.7259232401847839, 0.4185389280319214],
          [0.8506761193275452, 0.4184856414794922],
          [-0.024304747581481934, 0.4183996915817261],
          [0.9756952524185181, 0.4183996915817261],
          [0.1009071096777916, 0.41833144426345825],
          [0.2260662168264389, 0.418320894241333],
          [0.35114261507987976, 0.41837412118911743],
          [0.4762125313282013, 0.41846007108688354],
          [0.6011714339256287, 0.41852837800979614],
          [0.7257897257804871, 0.31483423709869385],
          [0.850239098072052, 0.31480908393859863],
          [-0.024791717529296875, 0.31476861238479614],
          [0.9752082824707031, 0.31476861238479614],
          [0.10065726190805435, 0.3147364854812622],
          [0.2262013852596283, 0.3147314786911011],
          [0.351582407951355, 0.3147566318511963],
          [0.47669780254364014, 0.3147971034049988],
          [0.6014184951782227, 0.3148292303085327],
          [0.7255070209503174, 0.0005766153335571289],
          [0.7255070209503174, 0.0005766153335571289],
          [0.849309504032135, 0.0005577802658081055],
          [0.849309504032135, 0.0005577802658081055],
          [-0.025835394859313965, 0.0005273818969726562],
          [-0.025835394859313965, 0.0005273818969726562],
          [0.974164605140686, 0.0005273818969726562],
          [0.974164605140686, 0.0005273818969726562],
          [0.10011857002973557, 0.0005031824111938477],
          [0.10011857002973557, 0.0005031824111938477],
          [0.2264932543039322, 0.0004995465278625488],
          [0.2264932543039322, 0.0004995465278625488],
          [0.35252735018730164, 0.0005184412002563477],
          [0.35252735018730164, 0.0005184412002563477],
          [0.4777323305606842, 0.0005487203598022461],
          [0.4777323305606842, 0.0005487203598022461],
          [0.6019420027732849, 0.0005729198455810547],
          [0.6019420027732849, 0.0005729198455810547]
        ],
        "faceInformation": [
          [24, 13, 0, 23],
          [15, 13, 0, 24],
          [13, 11, 0, 23],
          [23, 11, 0, 22],
          [24, 23, 0, 33],
          [23, 22, 0, 32],
          [33, 23, 0, 32],
          [25, 15, 0, 24],
          [32, 22, 0, 31],
          [34, 24, 0, 33],
          [14, 0, 0, 12],
          [33, 32, 0, 48],
          [17, 15, 0, 25],
          [48, 32, 0, 46],
          [32, 31, 0, 46],
          [11, 7, 0, 22],
          [25, 24, 0, 34],
          [12, 0, 0, 10],
          [46, 31, 0, 44],
          [22, 20, 0, 31],
          [50, 33, 0, 48],
          [47, 41, 0, 49],
          [34, 33, 0, 50],
          [45, 41, 0, 47],
          [31, 29, 0, 44],
          [16, 0, 0, 14],
          [22, 7, 0, 20],
          [49, 41, 0, 51],
          [44, 29, 0, 40],
          [31, 20, 0, 29],
          [35, 25, 0, 34],
          [53, 34, 0, 50],
          [10, 0, 0, 6],
          [51, 43, 0, 52],
          [26, 17, 0, 25],
          [35, 34, 0, 53],
          [30, 28, 0, 42],
          [52, 43, 0, 36],
          [36, 43, 0, 38],
          [26, 25, 0, 35],
          [42, 28, 0, 39],
          [37, 35, 0, 53],
          [21, 19, 0, 30],
          [1, 17, 0, 26],
          [27, 35, 0, 37],
          [9, 5, 0, 21],
          [39, 27, 0, 37],
          [28, 27, 0, 39],
          [30, 19, 0, 28],
          [27, 26, 0, 35],
          [8, 0, 0, 4],
          [21, 5, 0, 19],
          [28, 18, 0, 27],
          [18, 26, 0, 27],
          [18, 1, 0, 26],
          [19, 18, 0, 28],
          [4, 0, 0, 2],
          [3, 1, 0, 18],
          [5, 3, 0, 19],
          [19, 3, 0, 18]
        ],
        "boundingSphere": [0.013833766803145409, 0.003815239295363426, 0.004395604133605957, 0.209768146276474],
        "hasPosition": 1,
        "hasNormals": 0,