{
  "model": {
    "geometryList": {
      "numberOfGeometricObjects": 1,
      "geometries": [{
        "colorInformation": [
          [97, 97, 97, 255],
          [97, 97, 97, 255],
          [85, 85, 85, 255],
          [85, 85, 85, 255],
          [77, 77, 77, 255],
          [77, 77, 77, 255],
          [97, 97, 97, 255],
          [97, 97, 97, 255],
          [131, 131, 131, 255],
          [131, 131, 131, 255],
          [114, 114, 114, 255],
          [114, 114, 114, 255],
          [93, 93, 93, 255],
          [93, 93, 93, 255],
          [111, 111, 111, 255],
          [111, 111, 111, 255],
          [149, 149, 149, 255],
          [138, 138, 138, 255],
          [117, 117, 117, 255],
          [117, 117, 117, 255],
          [101, 101, 101, 255],
          [97, 97, 97, 255],
          [106, 106, 106, 255],
          [127, 127, 127, 255],
          [143, 143, 143, 255],
          [148, 148, 148, 255],
          [146, 146, 146, 255],
          [129, 129, 129, 255],
          [129, 129, 129, 255],
          [107, 107, 107, 255],
          [104, 104, 104, 255],
          [108, 108, 108, 255],
          [123, 123, 123, 255],
          [140, 140, 140, 255]
        ],
        "textureCoordinatesCount": 1,
        "textureMappingInformation": [
          [0.6009070873260498, 0.9994899034500122],
          [0.7260661721229553, 0.9995004534721375],
          [-0.023787498474121094, 0.9993611574172974],
          [0.8511425852775574, 0.9994471669197083],
          [0.10117145627737045, 0.9992929697036743],
          [0.22592325508594513, 0.9992823600769043],
          [0.35067611932754517, 0.9993356466293335],
          [0.47569525241851807, 0.9994215965270996],
          [0.6011714339256287, 0.41852837800979614],
          [0.7259232401847839, 0.4185389280319214],
          [-0.024304747581481934, 0.4183996915817261],
          [0.8506761193275452, 0.4184856414794922],
          [0.1009071096777916, 0.41833144426345825],
          [0.2260662168264389, 0.418320894241333],
          [0.35114261507987976, 0.41837412118911743],
          [0.4762125313282013, 0.41846007108688354],
          [0.7257897257804871, 0.31483423709869385],
          [0.850239098072052, 0.31480908393859863],
          [-0.024791717529296875, 0.31476861238479614],
          [0.9752082824707031, 0.31476861238479614],
          [0.10065726190805435, 0.3147364854812622],
          [0.2262013852596283, 0.3147314786911011],
          [0.351582407951355, 0.3147566318511963],
          [0.47669780254364014, 0.3147971034049988],
          [0.6014184951782227, 0.3148292303085327],
          [0.7255070209503174, 0.0005766153335571289],
          [0.849309504032135, 0.0005577802658081055],
          [-0.025835394859313965, 0.0005273818969726562],
          [0.974164605140686, 0.0005273818969726562],
          [0.10011857002973557, 0.0005031824111938477],
          [0.2264932543039322, 0.0004995465278625488],
          [0.35252735018730164, 0.0005184412002563477],
          [0.4777323305606842, 0.0005487203598022461],
          [0.6019420027732849, 0.0005729198455810547]
        ],
        "faceInformation": [
          [14, 5, 0, 13],
          [6, 5, 0, 14],
          [14, 13, 0, 22],
          [22, 13, 0, 21],
          [21, 12, 0, 20],
          [4, 2, 0, 12],
          [23, 14, 0, 22],
          [22, 21, 0, 31],
          [31, 21, 0, 30],
          [21, 20, 0, 30],
          [6, 0, 0, 5],
          [24, 15, 0, 23],
          [30, 20, 0, 29],
          [8, 7, 0, 15],
          [32, 22, 0, 31],
          [30, 27, 0, 31],
          [12, 10, 0, 20],
          [23, 22, 0, 32],
          [29, 27, 0, 30],
          [20, 18, 0, 29],
          [31, 27, 0, 32],
          [29, 18, 0, 27],
          [33, 23, 0, 32],
          [32, 28, 0, 33],
          [24, 23, 0, 33],
          [19, 17, 0, 28],
          [8, 15, 0, 24],
          [33, 28, 0, 25],
          [25, 28, 0, 26],
          [28, 17, 0, 26],
          [12, 2, 0, 10],
          [25, 24, 0, 33],
          [20, 10, 0, 18],
          [4, 0, 0, 2],
          [16, 24, 0, 25],
          [26, 16, 0, 25],
          [17, 16, 0, 26],
          [19, 11, 0, 17],
          [0, 7, 0, 8],
          [16, 8, 0, 24],
          [17, 9, 0, 16],
          [11, 9, 0, 17],
          [3, 1, 0, 11],
          [11, 1, 0, 9]
        ],
        "boundingSphere": [0.014641238376498222, 0.0055921487510204315, 0.004396669566631317, 0.2166523039340973],
        "hasPosition": 1,
        "hasNormals": 0,
        "vertexInformation": [
          [0.09098145365715027, -0.010307138785719872, -0.19745253026485443],
          [0.09098145365715027, -0.010307138785719872, -0.19745253026485443],
          [0.07488177716732025, 0.05543256551027298, -0.19741575419902802],
          [0.07488177716732025, 0.05543256551027298, -0.19741575419902802],
          [-0.061939600855112076, 0.021686887368559837, -0.19736868143081665],
          [-0.061939600855112076, 0.021686887368559837, -0.19736868143081665],
          [-0.045720234513282776, -0.044118523597717285, -0.19740542769432068],
          [-0.045720234513282776, -0.044118523597717285, -0.19740542769432068],
          [0.09122207760810852, -0.01043688878417015, 0.03731650486588478],
          [0.09122207760810852, -0.01043688878417015, 0.03731650486588478],
          [0.0751224011182785, 0.05530282109975815, 0.03735325485467911],
          [0.0751224011182785, 0.05530282109975815, 0.03735325485467911],
          [-0.06169898435473442, 0.021557142958045006, 0.03740034997463226],
          [-0.06169898435473442, 0.021557142958045006, 0.03740034997463226],
          [-0.04547962173819542, -0.04424826800823212, 0.03736359626054764],
          [-0.04547962173819542, -0.04424826800823212, 0.03736359626054764],
          [0.04110099375247955, 0.0015471787191927433, 0.07922188937664032],
          [0.03622863441705704, 0.02130831591784954, 0.07923203706741333],
          [0.01881011575460434, 0.03183625638484955, 0.07924839109182358],
          [0.01881011575460434, 0.03183625638484955, 0.07924839109182358],
          [-0.0009510200470685959, 0.026963889598846436, 0.07926138490438461],
          [-0.011478962376713753, 0.009545369073748589, 0.07926339656114578],
          [-0.0066065918654203415, -0.01021575927734375, 0.07925324141979218],
          [0.010811925865709782, -0.020743707194924355, 0.07923688739538193],
          [0.030573051422834396, -0.015871336683630943, 0.0792238861322403],
          [0.03463144972920418, 0.002503529191017151, 0.20621471107006073],
          [0.030975500121712685, 0.017331194132566452, 0.2062223255634308],
          [0.01790560409426689, 0.025230782106518745, 0.2062346190214157],
          [0.01790560409426689, 0.025230782106518745, 0.2062346190214157],
          [0.003077925182878971, 0.021574825048446655, 0.20624437928199768],
          [-0.0048216525465250015, 0.008504928089678288, 0.20624586939811707],
          [-0.0011656936258077621, -0.006322741508483887, 0.20623824000358582],
          [0.011904196813702583, -0.014222323894500732, 0.20622597634792328],
          [0.026731856167316437, -0.010566366836428642, 0.20621620118618011]
        ],
        "normalInformation": [],
        "materialList": {
          "materialInstanceCount": 1,
          "materialData": [{
            "color": [255, 255, 255, 255],
            "isTextured": 1,
            "ambient": 1,
            "specular": 0,
            "diffuse": 1,
            "texture": {
              "textureFiltering": 6,
              "uAddressing": 1,
              "vAddressing": 1,
              "usesMipLevels": false,
              "textureName": "CJ_bottle2"
            }
          }]
        },
        "binMesh": {
          "meshCount": 1,
          "meshes": [{
            "indiceCount": 69,
            "materialIndex": 0,