{
  "model": {
    "geometryList": {
      "numberOfGeometricObjects": 1,
      "geometries": [
        {
          "colorInformation": [
            [ 66, 62, 59, 255 ],
            [ 37, 35, 33, 255 ],
            [ 0, 0, 0, 255 ],
            [ 36, 34, 32, 255 ],
            [ 0, 0, 0, 255 ],
            [ 50, 49, 49, 255 ],
            [ 70, 67, 63, 255 ],
            [ 37, 36, 33, 255 ],
            [ 113, 112, 112, 255 ],
            [ 37, 35, 33, 255 ],
            [ 111, 111, 111, 255 ],
            [ 51, 51, 51, 255 ],
            [ 70, 67, 63, 255 ],
            [ 0, 0, 0, 255 ],
            [ 84, 84, 83, 255 ],
            [ 0, 0, 0, 255 ],
            [ 82, 82, 81, 255 ],
            [ 48, 48, 48, 255 ],
            [ 74, 71, 67, 255 ],
            [ 111, 111, 111, 255 ],
            [ 86, 86, 85, 255 ],
            [ 110, 110, 110, 255 ],
            [ 84, 84, 83, 255 ],
            [ 50, 49, 49, 255 ]
          ],
          "textureCoordinatesCount": 1,
          "textureMappingInformation": [
            [ 0.008492916822433472, 0.9995004534721375 ],
            [ 0.961429238319397, 0.9995004534721375 ],
            [ 0.961429238319397, 0.00849294662475586 ],
            [ 0.009501546621322632, 0.9995004534721375 ],
            [ 0.009501546621322632, 0.0004994869232177734 ],
            [ 0.9995005130767822, 0.9995004534721375 ],
            [ 0.008492916822433472, 0.0004995465278625488 ],
            [ 0.961429238319397, 0.0004995465278625488 ],
            [ 0.038570791482925415, 0.00849294662475586 ],
            [ 0.009501546621322632, 0.0004995465278625488 ],
            [ 0.990498423576355, 0.0004994869232177734 ],
            [ 0.9995005130767822, 0.0004995465278625488 ],
            [ 0.9991040229797363, 0.9995004534721375 ],
            [ 0.9524444341659546, 0.9991040229797363 ],
            [ 0.0475555956363678, 0.9995004534721375 ],
            [ 0.0004995167255401611, 0.9911105632781982 ],
            [ 0.9995005130767822, 0.9995004534721375 ],
            [ 0.00888940691947937, 0.9995004534721375 ],
            [ 0.9995005130767822, 0.0004995465278625488 ],
            [ 0.0004995167255401611, 0.9995005130767822 ],
            [ 0.0004995167255401611, 0.0004995465278625488 ],
            [ 0.9995005130767822, 0.9911105632781982 ],
            [ 0.9995005130767822, 0.0004995465278625488 ],
            [ 0.00888940691947937, 0.0004995465278625488 ]
          ],
          "faceInformation": [
            [ 18, 12, 0, 6 ],
            [ 0, 6, 0, 12 ],
            [ 8, 10, 0, 19 ],
            [ 20, 22, 0, 14 ],
            [ 7, 1, 0, 9 ],
            [ 13, 15, 0, 2 ],
            [ 21, 19, 0, 10 ],
            [ 3, 9, 0, 1 ],
            [ 4, 2, 0, 15 ],
            [ 16, 14, 0, 22 ],
            [ 11, 5, 0, 23 ],
            [ 17, 23, 0, 5 ]
          ],
          "boundingSphere": [ 0.006016075611114502, 0.000507354736328125, 0, 0.6251360774040222 ],
          "hasPosition": 1,
          "hasNormals": 1,
          "vertexInformation": [
            [ -0.32971513271331787, 0.37250739336013794, -0.33918124437332153 ],
            [ -0.32971513271331787, 0.37250739336013794, -0.33918124437332153 ],
            [ -0.32971513271331787, 0.37250739336013794, -0.33918124437332153 ],
            [ 0.3628973960876465, 0.378557413816452, -0.33918124437332153 ],
            [ 0.3628973960876465, 0.378557413816452, -0.33918124437332153 ],
            [ 0.3628973960876465, 0.378557413816452, -0.33918124437332153 ],
            [ -0.32971513271331787, 0.37250739336013794, 0.33918124437332153 ],
            [ -0.32971513271331787, 0.37250739336013794, 0.33918124437332153 ],
            [ -0.32971513271331787, 0.37250739336013794, 0.33918124437332153 ],
            [ 0.3628973960876465, 0.378557413816452, 0.33918124437332153 ],
            [ 0.3628973960876465, 0.378557413816452, 0.33918124437332153 ],
            [ 0.3628973960876465, 0.378557413816452, 0.33918124437332153 ],
            [ -0.323177695274353, -0.3772425949573517, -0.33918124437332153 ],
            [ -0.323177695274353, -0.3772425949573517, -0.33918124437332153 ],
            [ -0.323177695274353, -0.3772425949573517, -0.33918124437332153 ],
            [ 0.36944735050201416, -0.3711925745010376, -0.33918124437332153 ],
            [ 0.36944735050201416, -0.3711925745010376, -0.33918124437332153 ],
            [ 0.36944735050201416, -0.3711925745010376, -0.33918124437332153 ],
            [ -0.35741519927978516, -0.3775427043437958, 0.33918124437332153 ],
            [ -0.35741519927978516, -0.3775427043437958, 0.33918124437332153 ],
            [ -0.35741519927978516, -0.3775427043437958, 0.33918124437332153 ],
            [ 0.36944735050201416, -0.3711925745010376, 0.33918124437332153 ],
            [ 0.36944735050201416, -0.3711925745010376, 0.33918124437332153 ],
            [ 0.36944735050201416, -0.3711925745010376, 0.33918124437332153 ]
          ],
          "normalInformation": [
            [ -0.9999619722366333, -0.008719158358871937, 0 ],
            [ -0.008734739385545254, 0.9999618530273438, 0 ],
            [ 0, 0, -1 ],
            [ -0.008734739385545254, 0.9999618530273438, 0 ],
            [ 0, 0, -1 ],
            [ 0.9999618530273438, 0.008735851384699345, 0 ],
            [ -0.9996412992477417, 0.01264513935893774, -0.023609478026628494 ],
            [ -0.008734739385545254, 0.9999618530273438, 0 ],
            [ 0, 0, 1 ],
            [ -0.008734739385545254, 0.9999618530273438, 0 ],
            [ 0, 0, 1 ],
            [ 0.9999618530273438, 0.008735851384699345, 0 ],
            [ -0.9995196461677551, 0.015544253401458263, -0.026812506839632988 ],
            [ 0, 0, -1 ],
            [ 0.008735333569347858, -0.9999618530273438, -7.681892384425737e-7 ],
            [ 0, 0, -1 ],
            [ 0.008734581060707569, -0.9999618530273438, 0 ],
            [ 0.9999618530273438, 0.008735851384699345, 0 ],
            [ -0.9980509281158447, 0.036858975887298584, -0.05035613104701042 ],
            [ 0, 0, 1 ],
            [ 0.008736022748053074, -0.9999618530273438, -0.0000014716792975377757 ],
            [ 0, 0, 1 ],
            [ 0.008735292591154575, -0.9999618530273438, -7.260755410243291e-7 ],
            [ 0.9999618530273438, 0.008735851384699345, 0 ]
          ],
          "materialList": {
            "materialInstanceCount": 1,
            "materialData": [
              {
                "color": [ 150, 150, 150, 255 ],
                "isTextured": 1,
                "ambient": 1,
                "specular": 0,
                "diffuse": 1,
                "texture": {
                  "textureFiltering": 6,
                  "uAddressing": 1,
                  "vAddressing": 1,
                  "usesMipLevels": false,
                  "textureName": "CJ_WOOD1"
                }
              }
            ]
          },
          "binMesh": {
            "meshCount": 1,
            "meshes": [
              {
                "indiceCount": 34,
                "materialIndex": 0,
                "indices": [ 17, 5, 23, 11, 11, 16, 16, 22, 14, 20, 20, 4, 4, 15, 2, 13, 13, 3, 3, 1, 9, 7, 7, 18, 18, 6, 12, 0, 0, 8, 8, 19, 10, 21 ]
              }
            ]
          }
        }
      ]
    },
    "frameList": {
      "numberOfFrames": 1,
      "frames": [
        {
          "rotationMatrix": [ 1, 0, 0, 0, 1, 0, 0, 0, 1 ],
          "coordinatesOffset": [ 0, 0, 0 ],
          "parentFrame": -1
        }
      ]
    },
    "atomics": [ 0 ],
    "dummies": [ "gunbox" ]
  },
  "textures": {
    "textureDictionary": {
      "textureCount": 1,
      "textureNatives": [
        {
          "platformId": 9,
          "filterMode": 6,
          "uAddressing": 1,
          "vAddressing": 1,
          "textureName": "Crate_B",
          "maskName": "",
          "rasterFormat": 512,
          "d3dFormat": "DXT1",
          "width": 128,
          "height": 128,
          "depth": 16,
          "mipmapCount": 1,
          "rasterType": 4,