{
  "model": {
    "geometryList": {
      "numberOfGeometricObjects": 1,
      "geometries": [
        {
          "colorInformation": [
            [ 66, 62, 59, 255 ],
            [ 37, 35, 33, 255 ],
            [ 0, 0, 0, 255 ],
            [ 36, 34, 32, 255 ],
            [ 0, 0, 0, 255 ],
            [ 50, 49, 49, 255 ],
            [ 70, 67, 63, 255 ],
            [ 37, 36, 33, 255 ],
            [ 113, 112, 112, 255 ],
            [ 37, 35, 33, 255 ],
            [ 111, 111, 111, 255 ],
            [ 51, 51, 51, 255 ],
            [ 70, 67, 63, 255 ],
            [ 0, 0, 0, 255 ],
            [ 84, 84, 83, 255 ],
            [ 0, 0, 0, 255 ],
            [ 82, 82, 81, 255 ],
            [ 48, 48, 48, 255 ],
            [ 74, 71, 67, 255 ],
            [ 111, 111, 111, 255 ],
            [ 86, 86, 85, 255 ],
            [ 110, 110, 110, 255 ],
            [ 84, 84, 83, 255 ],
            [ 50, 49, 49, 255 ],
            [ 111, 111, 111, 255 ],
            [ 51, 51, 51, 255 ],
            [ 70, 67, 63, 255 ],
            [ 0, 0, 0, 255 ],
            [ 84, 84, 83, 255 ],
            [ 0, 0, 0, 255 ],
            [ 82, 82, 81, 255 ],
            [ 48, 48, 48, 255 ],
            [ 74, 71, 67, 255 ],
            [ 111, 111, 111, 255 ],
            [ 86, 86, 85, 255 ],
            [ 110, 110, 110, 255 ],
            [ 84, 84, 83, 255 ],
            [ 50, 49, 49, 255 ]
          ],
          "textureCoordinatesCount": 1,
          "textureMappingInformation": [
            [ 0, 1 ],
            [ 1, 1 ],
            [ 0, 0 ],

            [ 1, 0 ],
            [ 1, 1 ],
            [ 0, 0 ],

            [ 0, 1 ],
            [ 1, 1 ],
            [ 0, 0 ],

            [ 1, 0 ],
            [ 1, 1 ],
            [ 0, 0 ],

            [ 0, 1 ],
            [ 1, 1 ],
            [ 0, 0 ],

            [ 1, 0 ],
            [ 1, 1 ],
            [ 0, 0 ],

            [ 0, 1 ],
            [ 1, 1 ],
            [ 0, 0 ],

            [ 1, 0 ],
            [ 1, 1 ],
            [ 0, 0 ],

            [ 0, 1 ],
            [ 1, 1 ],
            [ 0, 0 ],

            [ 1, 0 ],
            [ 1, 1 ],
            [ 0, 0 ],

            [ 0, 1 ],
            [ 1, 1 ],
            [ 0, 0 ],

            [ 1, 0 ],
            [ 1, 1 ],
            [ 0, 0 ]


          ],
          "faceInformation": [

          ],
          "boundingSphere": [ 0.006016075611114502, 0.000507354736328125, 0, 0.6251360774040222 ],
          "hasPosition": 1,
          "hasNormals": 1,
          "vertexInformation": [
            [ -0.3, -0.3, -0.3 ],
            [ 0.3, -0.3, -0.3 ],
            [ -0.3, -0.3, 0.3 ],

            [ 0.3, -0.3, 0.3 ],
            [ 0.3, -0.3, -0.3 ],
            [ -0.3, -0.3, 0.3 ],


            [ -0.3, 0.3, -0.3 ],
            [ 0.3, 0.3, -0.3 ],
            [ -0.3, 0.3, 0.3 ],

            [ 0.3, 0.3, 0.3 ],
            [ 0.3, 0.3, -0.3 ],
            [ -0.3, 0.3, 0.3 ],

            [ -0.3, 0.3, 0.3 ],
            [ 0.3, 0.3, 0.3 ],
            [ -0.3, -0.3, 0.3 ],

            [ 0.3, -0.3, 0.3 ],
            [ 0.3, 0.3, 0.3 ],
            [ -0.3, -0.3, 0.3 ],

            [ -0.3, 0.3, -0.3 ],
            [ 0.3, 0.3, -0.3 ],
            [ -0.3, -0.3, -0.3 ],

            [ 0.3, -0.3, -0.3 ],
            [ 0.3, 0.3, -0.3 ],
            [ -0.3, -0.3, -0.3 ],

            [ -0.3, -0.3, 0.3 ],
            [ -0.3, -0.3, -0.3 ],
            [ -0.3, 0.3, 0.3 ],

            [ -0.3, 0.3, -0.3 ],
            [ -0.3, -0.3, -0.3 ],
            [ -0.3, 0.3, 0.3 ],

            [ 0.3, -0.3, 0.3 ],
            [ 0.3, -0.3, -0.3 ],
            [ 0.3, 0.3, 0.3 ],

            [ 0.3, 0.3, -0.3 ],
            [ 0.3, -0.3, -0.3 ],
            [ 0.3, 0.3, 0.3 ]

          ],
          "normalInformation": [
            [ -0.5773502691896258, -0.5773502691896258, -0.5773502691896258 ],
            [ 0.5773502691896258, -0.5773502691896258, -0.5773502691896258 ],
            [ -0.5773502691896258, -0.5773502691896258, 0.5773502691896258 ],

            [ 0.5773502691896258, -0.5773502691896258, 0.5773502691896258 ],
            [ 0.5773502691896258, -0.5773502691896258, -0.5773502691896258 ],
            [ -0.5773502691896258, -0.5773502691896258, 0.5773502691896258 ],

            [ -0.5773502691896258, 0.5773502691896258, -0.5773502691896258 ],
            [ 0.5773502691896258, 0.5773502691896258, -0.5773502691896258 ],
            [ -0.5773502691896258, 0.5773502691896258, 0.5773502691896258 ],

            [ 0.5773502691896258, 0.5773502691896258, 0.5773502691896258 ],
            [ 0.5773502691896258, 0.5773502691896258, -0.5773502691896258 ],
            [ -0.5773502691896258, 0.5773502691896258, 0.5773502691896258 ],

            [ -0.5773502691896258, 0.5773502691896258, 0.5773502691896258 ],
            [ 0.5773502691896258, 0.5773502691896258, 0.5773502691896258 ],
            [ -0.5773502691896258, -0.5773502691896258, 0.5773502691896258 ],

            [ 0.5773502691896258, -0.5773502691896258, 0.5773502691896258 ],
            [ 0.5773502691896258, 0.5773502691896258, 0.5773502691896258 ],
            [ -0.5773502691896258, -0.5773502691896258, 0.5773502691896258 ],

            [ -0.5773502691896258, 0.5773502691896258, -0.5773502691896258 ],
            [ 0.5773502691896258, 0.5773502691896258, -0.5773502691896258 ],
            [ -0.5773502691896258, -0.5773502691896258, -0.5773502691896258 ],

            [ 0.5773502691896258, -0.5773502691896258, -0.5773502691896258 ],
            [ 0.5773502691896258, 0.5773502691896258, -0.5773502691896258 ],
            [ -0.5773502691896258, -0.5773502691896258, -0.5773502691896258 ],

            [ -0.5773502691896258, -0.5773502691896258, 0.5773502691896258 ],
            [ -0.5773502691896258, -0.5773502691896258, -0.5773502691896258 ],
            [ -0.5773502691896258, 0.5773502691896258, 0.5773502691896258 ],

            [ -0.5773502691896258, 0.5773502691896258, -0.5773502691896258 ],
            [ -0.5773502691896258, -0.5773502691896258, -0.5773502691896258 ],
            [ -0.5773502691896258, 0.5773502691896258, 0.5773502691896258 ],

            [ 0.5773502691896258, -0.5773502691896258, 0.5773502691896258 ],
            [ 0.5773502691896258, -0.5773502691896258, -0.5773502691896258 ],
            [ 0.5773502691896258, 0.5773502691896258, 0.5773502691896258 ],

            [ 0.5773502691896258, 0.5773502691896258, -0.5773502691896258 ],
            [ 0.5773502691896258, -0.5773502691896258, -0.5773502691896258 ],
            [ 0.5773502691896258, 0.5773502691896258, 0.5773502691896258 ]
          ],
          "materialList": {
            "materialInstanceCount": 1,
            "materialData": [
              {
                "color": [ 150, 150, 150, 255 ],
                "isTextured": 1,
                "ambient": 1,
                "specular": 0,
                "diffuse": 1,
                "texture": {
                  "textureFiltering": 6,
                  "uAddressing": 1,
                  "vAddressing": 1,
                  "usesMipLevels": false,
                  "textureName": "CJ_WOOD1"
                }
              }
            ]
          },
          "binMesh": {
            "meshCount": 1,
            "meshes": [
              {
                "indiceCount": 34,
                "materialIndex": 0,
                "indices": [ 17, 5, 23, 11, 11, 16, 16, 22, 14, 20, 20, 4, 4, 15, 2, 13, 13, 3, 3, 1, 9, 7, 7, 18, 18, 6, 12, 0, 0, 8, 8, 19, 10, 21 ]
              }
            ]
          }
        }
      ],
      "box": [ -0.364, -0.385, -0.337, 0.363, 0.371, 0.341 ]
    },
    "frameList": {
      "numberOfFrames": 1,
      "frames": [
        {
          "rotationMatrix": [ 1, 0, 0, 0, 1, 0, 0, 0, 1 ],
          "coordinatesOffset": [ 0, 0, 0 ],
          "parentFrame": -1
        }
      ]
    },
    "atomics": [ 0 ],
    "dummies": [ "gunbox" ]
  },
  "textures": {
    "textureDictionary": {
      "textureCount": 1,