{
  "model": {
    "geometryList": {
      "numberOfGeometricObjects": 1,
      "geometries": [{
        "colorInformation": [
          [161, 158, 150, 255],
          [157, 155, 147, 255],
          [163, 161, 152, 255],
          [160, 158, 149, 255],
          [163, 160, 152, 255],
          [163, 160, 152, 255],
          [159, 157, 149, 255],
          [159, 157, 149, 255],
          [163, 160, 152, 255],
          [163, 160, 152, 255],
          [160, 158, 150, 255],
          [160, 158, 150, 255]
        ],
        "textureCoordinatesCount": 1,
        "textureMappingInformation": [
          [0.0004995167255401611, 0.9995003342628479],
          [0.999500036239624, 0.9995004534721375],
          [0.0004999935626983643, 0.0004995465278625488],
          [0.9995005130767822, 0.0004996657371520996],
          [0.0004995167255401611, 0.9995003938674927],
          [0.027064591646194458, 0.9867851734161377],
          [0.9729349613189697, 0.9867852926254272],
          [0.9994999766349792, 0.9995005130767822],
          [0.000500023365020752, 0.0004994869232177734],
          [0.02706506848335266, 0.013214707374572754],
          [0.9729354381561279, 0.013214826583862305],
          [0.9995005130767822, 0.0004996061325073242]
        ],
        "faceInformation": [
          [ 2, 3, 0, 9 ],
          [ 10, 9, 0, 3 ],
          [ 9, 5, 0, 2 ],
          [ 8, 11, 0, 4 ],
          [ 3, 1, 0, 10 ],
          [ 0, 2, 0, 5 ],
          [ 7, 4, 0, 11 ],
          [ 6, 10, 0, 1 ],
          [ 5, 6, 0, 0 ],
          [ 1, 0, 0, 6 ]
        ],
        "boundingSphere": [0.0085296630859375, 0.01131439208984375, 0.0036718137562274933, 2.238741159439087],
        "hasPosition": 1,
        "hasNormals": 0,
        "vertexInformation": [
          [2.0085296630859375, -0.9886855483055115, -0.046328186988830566],
          [2.0085296630859375, 1.0113145112991333, -0.046328186988830566],
          [-1.9914703369140625, -0.9886857271194458, -0.046328186988830566],
          [-1.9914703369140625, 1.0113143920898438, -0.046328186988830566],
          [1.9576181173324585, -0.9355022311210632, 0.05367181450128555],
          [1.9576181173324585, -0.9355022311210632, 0.05367181450128555],
          [1.9576181173324585, 0.9581311345100403, 0.05367181450128555],
          [1.9576181173324585, 0.9581311345100403, 0.05367181450128555],
          [-1.9405587911605835, -0.9355023503303528, 0.05367181450128555],
          [-1.9405587911605835, -0.9355023503303528, 0.05367181450128555],
          [-1.9405587911605835, 0.9581310153007507, 0.05367181450128555],
          [-1.9405587911605835, 0.9581310153007507, 0.05367181450128555]
        ],
        "normalInformation": [
          [ 0, 0, 1 ],
          [ 0, 0, 1 ],
          [ 0, 0, 1 ],
          [ 0, 0, 1 ],
          [ 0, 0, 1 ],
          [ 0, 0, 1 ],
          [ 0, 0, 1 ],
          [ 0, 0, 1 ],
          [ 0, 0, 1 ],
          [ 0, 0, 1 ],
          [ 0, 0, 1 ],
          [ 0, 0, 1 ]
        ],
        "materialList": {
          "materialInstanceCount": 1,
          "materialData": [{
            "color": [255, 255, 255, 255],
            "isTextured": 1,
            "ambient": 1,
            "specular": 0,
            "diffuse": 1,
            "texture": {
              "textureFiltering": 6,
              "uAddressing": 1,
              "vAddressing": 1,
              "usesMipLevels": false,
              "textureName": "ab_rollmat01"
            }
          }]
        },
        "binMesh": {
          "meshCount": 1,
          "meshes": [{
            "indiceCount": 17,
            "materialIndex": 0,
            "indices": [7, 11, 4, 8, 8, 5, 5, 5, 2, 9, 3, 10, 1, 6, 0, 5, 2]
          }]
        }
      }]
    },
    "frameList": {
      "numberOfFrames": 1,
      "frames": [{
        "rotationMatrix": [1, 0, 0, 0, 1, 0, 0, 0, 1],
        "coordinatesOffset": [0, 0, 0],
        "parentFrame": -1
      }]
    },
    "atomics": [0],
    "dummies": ["gym_mat1"]
  },
  "textures": {
    "textureDictionary": {
      "textureCount": 12,
      "textureNatives": [{
        "platformId": 9,
        "filterMode": 6,
        "uAddressing": 1,
        "vAddressing": 1,
        "textureName": "cj_sheetmetal",
        "maskName": "",
        "rasterFormat": 512,
        "d3dFormat": "DXT1",
        "width": 64,
        "height": 64,
        "depth": 16,
        "mipmapCount": 1,
        "rasterType": 4,
        "alpha": false,
        "cubeTexture": false,
        "autoMipMaps": false,
        "compressed": true,
        "mipmaps": [
          []
        ]
      }]
    }
  }
}