{
  "model": {
    "geometryList": {
      "numberOfGeometricObjects": 1,
      "geometries": [
        {
          "colorInformation": [
            [ 84, 84, 84, 255 ],
            [ 26, 26, 26, 255 ],
            [ 26, 26, 26, 255 ],
            [ 14, 14, 14, 255 ],
            [ 14, 14, 14, 255 ],
            [ 22, 22, 22, 255 ],
            [ 32, 32, 32, 255 ],
            [ 32, 32, 32, 255 ],
            [ 6, 6, 6, 255 ],
            [ 12, 12, 12, 255 ],
            [ 0, 0, 0, 255 ],
            [ 97, 97, 97, 255 ],
            [ 18, 18, 18, 255 ],
            [ 18, 18, 18, 255 ],
            [ 54, 54, 54, 255 ],
            [ 54, 54, 54, 255 ],
            [ 11, 11, 11, 255 ],
            [ 74, 74, 74, 255 ],
            [ 16, 16, 16, 255 ],
            [ 16, 16, 16, 255 ],
            [ 25, 25, 25, 255 ],
            [ 25, 25, 25, 255 ],
            [ 12, 12, 12, 255 ],
            [ 66, 66, 66, 255 ],
            [ 20, 20, 20, 255 ],
            [ 56, 56, 56, 255 ],
            [ 56, 56, 56, 255 ],
            [ 12, 12, 12, 255 ]
          ],
          "textureCoordinatesCount": 1,
          "textureMappingInformation": [
            [ 0.5, 0.3826391100883484 ],
            [ 0.000499482499435544, 0.38263869285583496 ],
            [ 0.000499493908137083, 0.38263916969299316 ],
            [ 0.000499427318572998, 0.9995004534721375 ],
            [ 0.0004994571208953857, 0.999500572681427 ],
            [ 0.4999999701976776, 0.9995005130767822 ],
            [ 0.9995005130767822, 0.38263875246047974 ],
            [ 0.9995005130767822, 0.3826390504837036 ],
            [ 0.9995005130767822, 0.9995005130767822 ],
            [ 0.5, 0.38263869285583496 ],
            [ 0.4999999701976776, 0.9995005130767822 ],
            [ 0.5, 0.2568916082382202 ],
            [ 0.0004994937917217612, 0.256891131401062 ],
            [ 0.0004995014169253409, 0.2568916082382202 ],
            [ 0.9995005130767822, 0.25689125061035156 ],
            [ 0.999500572681427, 0.25689148902893066 ],
            [ 0.5, 0.2568911910057068 ],
            [ 0.5, 0.21155595779418945 ],
            [ 0.0004994978662580252, 0.21155548095703125 ],
            [ 0.0004995040944777429, 0.21155595779418945 ],
            [ 0.9995005130767822, 0.2115556001663208 ],
            [ 0.999500572681427, 0.2115558385848999 ],
            [ 0.5, 0.21155554056167603 ],
            [ 0.5, 0.0004995465278625488 ],
            [ 0.0004995167255401611, 0.0004995465278625488 ],
            [ 0.9995005130767822, 0.0004994869232177734 ],
            [ 0.9995005130767822, 0.0004996061325073242 ],
            [ 0.5, 0.0004995465278625488 ]
          ],
          "faceInformation": [
            [ 9, 10, 0, 6 ],
            [ 8, 6, 0, 10 ],
            [ 9, 6, 0, 16 ],
            [ 10, 9, 0, 3 ],
            [ 14, 16, 0, 6 ],
            [ 16, 12, 0, 9 ],
            [ 16, 14, 0, 22 ],
            [ 22, 20, 0, 27 ],
            [ 20, 22, 0, 14 ],
            [ 26, 27, 0, 20 ],
            [ 22, 18, 0, 16 ],
            [ 27, 24, 0, 22 ],
            [ 1, 9, 0, 12 ],
            [ 8, 5, 0, 7 ],
            [ 15, 11, 0, 21 ],
            [ 21, 17, 0, 25 ],
            [ 12, 16, 0, 18 ],
            [ 18, 22, 0, 24 ],
            [ 1, 3, 0, 9 ],
            [ 7, 0, 0, 15 ],
            [ 17, 21, 0, 11 ],
            [ 23, 25, 0, 17 ],
            [ 19, 17, 0, 13 ],
            [ 24, 23, 0, 19 ],
            [ 11, 13, 0, 17 ],
            [ 17, 19, 0, 23 ],
            [ 11, 15, 0, 0 ],
            [ 13, 11, 0, 2 ],
            [ 0, 7, 0, 5 ],
            [ 0, 2, 0, 11 ],
            [ 2, 0, 0, 4 ],
            [ 5, 4, 0, 0 ]
          ],
          "boundingSphere": [ 0.0007953643798828125, 0.0016918182373046875, 0.006460666656494141, 0.18206386268138885 ],
          "hasPosition": 1,
          "hasNormals": 0,
          "vertexInformation": [
            [ 0.04656219482421875, 0.024911880493164062, 0.03671550750732422 ],
            [ 0.025957107543945312, -0.04790496826171875, 0.03671550750732422 ],
            [ 0.025957107543945312, -0.04790496826171875, 0.03671550750732422 ],
            [ 0.025957107543945312, -0.04790496826171875, -0.1667032241821289 ],
            [ 0.025957107543945312, -0.04790496826171875, -0.1667032241821289 ],
            [ 0.04656219482421875, 0.024911880493164062, -0.1667032241821289 ],
            [ -0.024366378784179688, 0.051288604736328125, 0.03671550750732422 ],
            [ -0.024366378784179688, 0.051288604736328125, 0.03671550750732422 ],
            [ -0.024366378784179688, 0.051288604736328125, -0.1667032241821289 ],
            [ -0.044971466064453125, -0.021528244018554688, 0.03671550750732422 ],
            [ -0.044971466064453125, -0.021528244018554688, -0.1667032241821289 ],
            [ 0.020437240600585938, 0.01165771484375, 0.08685111999511719 ],
            [ 0.011594772338867188, -0.019594192504882812, 0.08685111999511719 ],
            [ 0.011594772338867188, -0.019594192504882812, 0.08685111999511719 ],
            [ -0.010004043579101562, 0.022977828979492188, 0.08685111999511719 ],
            [ -0.010004043579101562, 0.022977828979492188, 0.08685111999511719 ],
            [ -0.018846511840820312, -0.008274078369140625, 0.08685111999511719 ],
            [ 0.020437240600585938, 0.01165771484375, 0.1472320556640625 ],
            [ 0.011594772338867188, -0.019594192504882812, 0.1472320556640625 ],
            [ 0.011594772338867188, -0.019594192504882812, 0.1472320556640625 ],
            [ -0.010004043579101562, 0.022977828979492188, 0.1472320556640625 ],
            [ -0.010004043579101562, 0.022977828979492188, 0.1472320556640625 ],
            [ -0.018846511840820312, -0.008274078369140625, 0.1472320556640625 ],
            [ 0.020437240600585938, 0.01165771484375, 0.1796245574951172 ],
            [ 0.011594772338867188, -0.019594192504882812, 0.1796245574951172 ],
            [ -0.010004043579101562, 0.022977828979492188, 0.1796245574951172 ],
            [ -0.010004043579101562, 0.022977828979492188, 0.1796245574951172 ],
            [ -0.018846511840820312, -0.008274078369140625, 0.1796245574951172 ]
          ],
          "normalInformation": [],
          "materialList": {
            "materialInstanceCount": 1,
            "materialData": [
              {
                "color": [ 255, 255, 255, 255 ],
                "isTextured": 1,
                "ambient": 1,
                "specular": 0,
                "diffuse": 1,
                "texture": {
                  "textureFiltering": 6,
                  "uAddressing": 1,
                  "vAddressing": 1,
                  "usesMipLevels": false,
                  "textureName": "cl_winebtl2"
                }
              }
            ]
          },
          "binMesh": {
            "meshCount": 1,
            "meshes": [
              {
                "indiceCount": 48,
                "materialIndex": 0,
                "indices": [ 10, 3, 9, 1, 9, 12, 16, 18, 22, 24, 27, 24, 24, 24, 23, 19, 17, 13, 11, 2, 0, 4, 5, 5, 5, 8, 5, 7, 0, 15, 11, 21, 17, 25, 23, 23, 26, 26, 27, 20, 22, 14, 16, 6, 9, 6, 10, 8 ]
              }
            ]
          }
        }
      ],
      "box": [ -0.045, -0.048, -0.167, 0.047, 0.051, 0.18 ]
    },
    "frameList": {
      "numberOfFrames": 1,
      "frames": [{
        "rotationMatrix": [1, 0, 0, 0, 1, 0, 0, 0, 1],
        "coordinatesOffset": [0, 0, 0],
        "parentFrame": -1
      }]
    },
    "atomics": [0],
    "dummies": ["propwinebotl1"]
  },
  "textures": {
    "textureDictionary": {
      "textureCount": 11,
      "textureNatives": [{
        "platformId": 9,
        "filterMode": 6,
        "uAddressing": 1,
        "vAddressing": 1,
        "textureName": "Bdup_Wine",
        "maskName": "",
        "rasterFormat": 33280,
        "d3dFormat": "DXT1",
        "width": 64,
        "height": 128,
        "depth": 16,
        "mipmapCount": 8,
        "rasterType": 4,
        "alpha": false,
        "cubeTexture": false,